date,temperature,rainfall,soil_quality,crop_yield
2010-01-01,27.483570765056164,1419.8066309758005,0.5849745423879393,5925.228418764706
2010-01-02,24.308678494144075,1277.3901048738308,0.3462068908981691,3108.3153429786553
2010-01-03,28.23844269050346,1017.8891109760523,0.5441743737786355,4488.757389144225
2010-01-04,32.61514928204013,805.9189666883278,0.37769866915392036,3781.642412844135
2010-01-05,23.829233126383322,1209.466994084077,0.8657646470064555,6531.13613768085
2010-01-06,23.8293152152541,1118.045615626525,0.9633816181751296,8090.981914881651
2010-01-07,32.896064077536955,1268.5579660083197,0.350621532680557,4609.926811580226
2010-01-08,28.837173645764544,1190.5515405045908,0.968580645104191,6663.8376903973585
2010-01-09,22.65262807032524,1314.8658145958007,0.6658036195357215,5543.649006841935
2010-01-10,27.712800217929825,839.4294365318297,0.5096959745677117,3224.855590065482
2010-01-11,22.682911535937688,1395.2182196902977,0.3538034526933144,4153.2994049956715
2010-01-12,22.671351232148716,1059.2798814077198,0.6504369876492924,4587.784234168958
2010-01-13,26.20981135783017,1622.5782617875798,0.856160881143524,7794.146634964368
2010-01-14,15.43359877671101,793.2436545731297,0.7949605340866887,4558.199781117486
2010-01-15,16.375410837434835,1520.7891409495749,0.33515820802478163,3977.756905997176
2010-01-16,22.188562353795135,1059.3732350387943,0.3510312847575324,3165.552090852806
2010-01-17,19.93584439832788,804.5745989156655,0.582011297842846,4885.42358288862
2010-01-18,26.571236662976368,854.8342497837035,0.5067033458335602,3911.1256788250707
2010-01-19,20.459879622393945,903.8958075417039,0.46266902613923344,4560.409248638874
2010-01-20,17.938481493323543,1127.2497839205748,0.4967031492360995,4542.0152697469575
2010-01-21,32.32824384460777,1156.85064641065,0.8624379203078192,6983.336450258477
2010-01-22,23.871118497567323,827.8899988184263,0.9504596375422978,6286.000683885468
2010-01-23,25.33764102343962,992.6936223217051,0.5835718861692964,4867.027375769999
2010-01-24,17.87625906893272,1642.681107583559,0.9342777014927479,6386.727386404688
2010-01-25,22.278086377374088,1518.2629510302136,0.5250469908735174,5136.22347822134
2010-01-26,25.55461294854933,1130.8971009022096,0.6335058904406541,5629.633287027317
2010-01-27,19.245032112888488,1011.4010434504601,0.45822029847119977,3751.706593164291
2010-01-28,26.87849009172836,1036.0093980154784,0.7483332295230907,4955.01452483104
2010-01-29,21.996806550405974,1184.055391819125,0.9852867806223662,6868.182788981645
2010-01-30,23.541531251033618,693.1622304404783,0.722445167230365,5527.679617712208
2010-01-31,21.991466938853016,922.7870387729964,0.5504698588794842,4820.942576653423
2010-02-01,34.26139092254469,499.42477783672314,0.7534722121933698,4948.278158084513
2010-02-02,24.93251387631033,1119.7669367815838,0.38604447492577126,4392.106580536584
2010-02-03,19.711445355220498,1194.1587819108222,0.9220613561857789,6300.943102327537
2010-02-04,29.112724560515943,855.0440613101878,0.6521587655458854,4074.58238496224
2010-02-05,18.895781750144888,1472.1960289870099,0.6145448194277494,4999.672248555235
2010-02-06,26.044317975023777,632.2703010992976,0.7101053519174634,5398.727644791199
2010-02-07,15.201649380601122,560.687535937054,0.7373487039525817,3931.2045197524203
2010-02-08,18.359069755507846,1067.3355455679916,0.3502430643585591,3182.1479110166615
2010-02-09,25.984306179345616,1314.1294907836464,0.7778320548563816,6166.715466679041
2010-02-10,28.692332899977053,1505.1783074373607,0.46935217622087066,6243.80243576443
2010-02-11,25.85684140594985,862.3347211393179,0.7997668427546127,6329.325184030224
2010-02-12,24.421758588058797,1323.6042500293888,0.8757743560689377,7856.558326530474
2010-02-13,23.494481522053555,988.4474591497878,0.8627709552867642,5885.951165636049
2010-02-14,17.607390048162863,948.2118100177541,0.6867506771855223,4858.35875274481
2010-02-15,21.400778958026457,1265.0979812460018,0.6641189246175259,4662.50825877056
2010-02-16,22.696806145201062,1195.696863524026,0.4000131729375882,4764.767112055183
2010-02-17,30.285611131094576,527.0823529047252,0.842742305282195,4698.267013141186
2010-02-18,26.71809144784231,1442.9621049177688,0.48998656631270004,5280.149395672467
2010-02-19,16.18479922318633,1414.0274062442354,0.6476867959725625,4827.0774896941775
2010-02-20,26.620419846973974,812.3311895471412,0.4989918650492617,3656.2092833199413
2010-02-21,23.074588597918417,1118.7410600312228,0.3936798540997852,3440.979604932442
2010-02-22,21.615389998470206,1148.2090558848217,0.7406903878242155,5276.701920476322
2010-02-23,28.05838144420434,1078.2021297471722,0.33803242437603265,3479.924102010235
2010-02-24,30.154997612479754,834.908453846374,0.82405166388834,5523.690710295896
2010-02-25,29.656400595580994,798.5129896185845,0.5223107566827816,4608.066748320281
2010-02-26,20.803912383886807,992.3337787025664,0.30009428510313974,2472.903205583911
2010-02-27,23.453938120743928,1351.8187057778093,0.6577903974660608,5775.557018430052
2010-02-28,26.65631715701782,1163.0800463783298,0.3327963359693222,4431.937206606941
2010-03-01,29.877725635611796,888.8157003741683,0.4933186904746296,3981.5129526453757
2010-03-02,22.60412881077355,1231.5096131945033,0.7948835412190013,5708.683927648889
2010-03-03,24.071705116680914,145.43721381097737,0.3438827351353061,1598.6110465424056
2010-03-04,19.46832512996986,1344.629710111631,0.8875369446492016,7190.223004148118
2010-03-05,19.018966879596647,478.08586636657014,0.30267394586100815,2017.5436214946922
2010-03-06,29.062629111970992,891.2677175790603,0.4727767084413316,3833.9432856595295
2010-03-07,31.781200142854114,664.0990316121569,0.8186328393064499,5752.36059249329
2010-03-08,24.63994939209833,611.5955572837283,0.5213891048105147,3010.9880333067354
2010-03-09,30.01766448946012,1348.248036213556,0.37132467164620947,4894.682410352638
2010-03-10,26.80818012523817,859.6896396064326,0.5521637431602995,4524.910655127155
2010-03-11,21.77440122697438,1103.9511645192147,0.48927530046916784,4089.094657163546
2010-03-12,26.80697802754207,985.9238263362448,0.8898983315123883,5842.395312387918
2010-03-13,32.690182832329846,1143.1122481669365,0.5193435423096002,4574.110888356637
2010-03-14,24.820869804450243,1023.0465673180767,0.852252730243205,6315.808944247646
2010-03-15,32.82321827907003,615.1023327434291,0.9243105013675144,6607.408337522462
2010-03-16,11.901274479551278,1298.880045834142,0.6036721937035706,4392.530910649303
2010-03-17,29.10951252187612,851.8730250516062,0.9369602006980744,6573.216031463132
2010-03-18,25.435235341190857,533.0254304020747,0.564122637774235,2614.912307433832
2010-03-19,23.504963247670663,871.5654517102263,0.9748548915430757,6000.344658190764
2010-03-20,25.45880388267751,1450.2279371902932,0.362502667167901,4470.379937918517
2010-03-21,15.062155426995536,1255.066522634048,0.7809134865522699,5212.966540888306
2010-03-22,23.90164056081244,895.4043596776422,0.6456698283198501,4245.986701600359
2010-03-23,26.78556285755873,895.2226887044714,0.571354163818953,4152.604561147201
2010-03-24,32.38947022370758,903.5094846347852,0.7428983151240206,5787.080420238239
2010-03-25,22.40864890863176,1623.0243950682523,0.7926999641440318,6736.3165470850645
2010-03-26,20.95753198553406,1114.5806356694661,0.30305428875521634,2173.1936977292307
2010-03-27,22.491214782077318,1129.0124941573208,0.4168671621230391,2906.5714617161693
2010-03-28,29.57701058851037,1309.0850362095525,0.7991322354440231,6289.249190136152
2010-03-29,26.643755548298422,1071.636747707954,0.7664697895047445,6036.653513381329
2010-03-30,22.351198981164806,922.2873562537891,0.976233253590074,4969.548508153571
2010-03-31,27.56633716556678,941.0950452745066,0.832726453175548,5674.274126629277
2010-04-01,25.4853877467402,978.5196221757808,0.9655408954119367,6295.889180489544
2010-04-02,29.843224952664446,988.8333290470475,0.7917783510743648,6622.888550203365
2010-04-03,21.489734530613237,1218.2888630910938,0.5086365460476102,4361.736277094468
2010-04-04,23.361689267011158,1015.5837657421898,0.37375544557559953,3759.523715083399
2010-04-05,23.039459234339212,1219.7920231646738,0.8472767043414549,6398.569099797313
2010-04-06,17.682425259339407,975.7850259674253,0.7509044550331411,4024.930350163925
2010-04-07,26.48060138532288,1023.5905570948272,0.33373020867530734,3923.9658351482035
2010-04-08,26.305276360899448,400.53979464036775,0.5520353261306847,3484.218290707275
2010-04-09,25.025567283212304,1274.8983024107445,0.9697598708390003,7404.008643014401
2010-04-10,23.827064333124266,1103.9465427693979,0.6502808019971409,7113.769165398878
2010-04-11,17.92314628974793,1299.4030329578957,0.6029103952137932,3967.458886722859
2010-04-12,22.896773386173205,131.12338654189318,0.6203897236115057,3871.382385330529
2010-04-13,23.286427417366152,1626.5124114342184,0.4462179068036146,5004.71196805464
2010-04-14,20.988613653891903,958.1231115534479,0.5580950196053567,4399.816456029779
2010-04-15,24.193571441669953,1332.4548450212549,0.5588692791910237,5146.178535430505
2010-04-16,27.020254284072692,688.0282218623407,0.33664851413123065,2698.193561885447
2010-04-17,34.43092950605265,1183.8321715187708,0.8372973399625427,6490.781054033509
2010-04-18,25.872889064159196,683.9753310479032,0.5915531023327152,4284.114994753846
2010-04-19,26.28775195361382,812.8693117912585,0.8755259207714963,5059.168976784849
2010-04-20,24.627770421169163,1574.209406160036,0.8952436007839266,7731.314921059046
2010-04-21,15.406143923504793,942.795279770996,0.4483958382890606,3189.779744719907
2010-04-22,24.867430622753915,1065.229861953917,0.76014743751909,5109.5337731208
2010-04-23,25.301151049705133,1261.0203192066263,0.6305972629140872,5215.078076471037
2010-04-24,37.316210562426434,1148.7045663917813,0.9161097165450396,7872.342852061369
2010-04-25,24.038195176094387,1045.125671543073,0.45101847542351786,3779.585935500344
2010-04-26,26.507736711668063,1109.4883007398676,0.7744692402170309,6095.936447253102
2010-04-27,24.826441151473784,1721.0246755714825,0.7254264855769057,6445.025698743447
2010-04-28,19.15660981190234,982.7143608899244,0.506711034300283,4335.7753088381905
2010-04-29,30.714114072575104,1060.3297140144903,0.3956206325558208,4477.2221638319415
2010-04-30,28.759665163433873,1315.1963188022837,0.7561478323340936,7273.419474094934
2010-05-01,28.955159735215233,1331.6577798873952,0.8170182206926315,6608.382677249101
2010-05-02,20.453062726026303,1356.1090916681142,0.520939140634345,5173.894425188222
2010-05-03,32.013971554680495,1191.6190666087555,0.7513828228156196,6289.884594799107
2010-05-04,17.990744686038596,657.098526180855,0.5765916353280522,4244.628354235409
2010-05-05,27.934285469001352,1490.0294596903288,0.7992448182978323,6513.581090515522
2010-05-06,35.952278129049894,656.0963820943937,0.4394506924258371,4179.562789209109
2010-05-07,20.04731837434656,1090.79063957171,0.9231505018453221,6202.351059029018
2010-05-08,22.16851135198614,773.7172449941926,0.5011867175259058,3629.6995566629726
2010-05-09,25.498256825438204,980.7584960221022,0.5574501914293071,4569.5570326868365
2010-05-10,22.482621729419005,1098.628723091044,0.3406643664562448,3650.830563147601
2010-05-11,17.246682844669337,1096.407164635082,0.37805854862489346,3387.3266930671193
2010-05-12,25.342814874030136,1126.5762262705855,0.6611033318986297,5433.1664473210885
2010-05-13,19.688481431369475,1484.113380717594,0.48731487370958004,5678.284230332653
2010-05-14,27.36796215317591,1136.060290454194,0.8848361580195361,7057.424321472472
2010-05-15,20.402878828830985,926.7530094128053,0.3102853720584677,3359.654116807946
2010-05-16,32.7496720250877,1289.2261504865073,0.5653658340703553,5314.99530956724
2010-05-17,21.083733538318814,1356.841146677392,0.5361418827383648,4503.957969848387
2010-05-18,23.38969241897162,631.7176554589023,0.3135293416423207,2978.2169191968655
2010-05-19,29.067586086848348,1179.2200209549574,0.3870578793003571,4685.132139019015
2010-05-20,18.845678417830225,1210.3518226932695,0.5895498724430446,5547.072266368764
2010-05-21,26.137299673020646,910.7309489920024,0.6450052091132126,4551.362614216485
2010-05-22,31.53571377141214,1412.7120439934858,0.5830028230784083,5702.449564269446
2010-05-23,16.96258382719386,954.983323890242,0.6716563748884656,3796.635632319789
2010-05-24,25.92316929266152,1037.6729360414627,0.716592172433977,5258.229645855449
2010-05-25,26.299413971242117,948.0784527148392,0.30694667478948495,3744.146233228933
2010-05-26,28.90911435888655,1004.6737142744403,0.6248666116174526,4845.888514966372
2010-05-27,18.81524644560959,671.1174739314395,0.9744494686213119,5975.48451085033
2010-05-28,18.397716934578618,567.9847352217116,0.6633225960906841,3777.216744626869
2010-05-29,27.60970782808449,1478.3515189674918,0.7742795872212671,6870.614879556324
2010-05-30,26.48492336616593,745.9115955045016,0.5183047005418182,3333.7471671185576
2010-05-31,26.252464251729382,702.5822951631078,0.8417939647069337,5469.3623512643035
2010-06-01,26.732241047484877,353.9829659188856,0.8410450373132805,3254.235185328056
2010-06-02,21.599876392107547,808.3114756931493,0.6649072333578973,4427.704858700169
2010-06-03,26.161268485805017,603.0730619777505,0.9832096762954494,5115.021307865429
2010-06-04,26.465362366493405,1492.6045480409107,0.38788515033385734,5350.900224349187
2010-06-05,21.42824290986816,1302.9451268027901,0.3118633654227067,4125.322902594778
2010-06-06,34.328872555723784,793.5548964466828,0.8391107482299671,6232.442652812431
2010-06-07,27.36916460455894,1675.7307416032927,0.8650088761554178,8305.467207791311
2010-06-08,19.043482513986756,1294.5296460974782,0.3841450603844033,3487.500459403893
2010-06-09,28.28276804316915,902.5505849474133,0.48590798307102423,5022.461086366184
2010-06-10,20.126591648863393,250.1782855379281,0.3122866543566402,2034.2152074324194
2010-06-11,28.93542301871226,1687.2827717772225,0.5053160275463953,5729.639188612561
2010-06-12,30.79297789503702,583.1282599709211,0.84119931174307,5979.712047000516
2010-06-13,20.89658840824145,506.38037591293244,0.6625723693988053,3317.3052630261454
2010-06-14,29.81688064622161,1306.771129602892,0.5436669152178016,4910.463786842036
2010-06-15,27.06390463468249,1731.9257219017818,0.5602175064344312,5813.839346089994
2010-06-16,29.11030079997245,1415.2818455531556,0.3009475380008277,4026.327567077064
2010-06-17,34.48396491326974,1169.1727360157079,0.5098603692956651,4583.566742793102
2010-06-18,23.773059419985646,1178.4263024995857,0.7525211191465513,6419.652705278872
2010-06-19,21.23131917821255,1256.0246676340923,0.9819361106714499,6853.868647351145
2010-06-20,20.552427851872384,1227.6785769360295,0.8929425788887295,6623.943925087765
2010-06-21,20.920948575172808,1084.3574271908128,0.3165164752518704,3012.1689761927773
2010-06-22,24.614491452929478,1031.2603311855628,0.9289924232723874,5527.905701105277
2010-06-23,26.70575987408322,981.2220616301432,0.848238889309038,6173.955242705349
2010-06-24,26.383453996650097,773.8106233399972,0.8462632864996862,4641.9828913010415
2010-06-25,29.13591624518012,915.7974769399677,0.6205970313025,4857.058899608708
2010-06-26,25.065009459389536,492.1129557413844,0.578603705068152,2946.3373903765996
2010-06-27,32.26767038578659,970.498111961575,0.5120410101832348,5608.222793744057
2010-06-28,23.67671583381022,703.4226678547248,0.345986401268056,3276.2944948276013
2010-06-29,38.600845832948096,668.9232048352687,0.45976475444558934,4119.589369181628
2010-06-30,28.12833673882503,1053.9682453460434,0.4726225444846172,5009.319388883759
2010-07-01,20.714212217918586,1417.6006859033798,0.6388539487971411,5142.023737955527
2010-07-02,19.64553750969444,1275.494981800694,0.8232110846176857,6421.061951509584
2010-07-03,27.412362076215928,528.8498189130469,0.6316668798785625,4186.557357889059
2010-07-04,23.882686073370746,703.1115590288987,0.3404911146130124,2934.8230354582315
2010-07-05,28.57000247046046,1282.231356396465,0.9704528606917426,7981.4038898280505
2010-07-06,27.366188122867726,705.2537819385071,0.9599070233658786,6444.598138239695
2010-07-07,24.635855436715637,932.6100550008927,0.8496326802038858,5989.538114269508
2010-07-08,20.766031409657977,1165.0156297073656,0.9939295310949543,6010.536767258253
2010-07-09,17.425763876570677,709.4966635409094,0.681137632960184,3715.94653807154
2010-07-10,22.767425239664895,1031.612651843788,0.9739378451772442,6509.93132475918
2010-07-11,29.28199397161736,599.7923515245386,0.35292352843172553,2974.988230926899
2010-07-12,26.07046872065102,819.5897068146359,0.5559765237829599,3657.4836062396607
2010-07-13,18.771306106440058,1095.934580242761,0.45776688760473605,5125.107241620416
2010-07-14,25.86590462925591,522.1018799404992,0.43708315889398897,3781.111813440525
2010-07-15,26.926586898644185,1132.1424213881196,0.3985620642248732,4404.483669029056
2010-07-16,20.580712818994336,994.1086603219957,0.7356895490961977,5231.719137716569
2010-07-17,25.76862552972764,1165.7469863251442,0.8469252990231135,6248.447259301661
2010-07-18,25.29104359223,1067.1742402193984,0.7048088795942524,4946.98582801044
2010-07-19,19.285148510846884,1409.2421289921533,0.4028738967117468,4335.851426344816
2010-07-20,26.788936801741418,1037.5673507943723,0.8677866389534297,6382.391006514339
2010-07-21,27.80392263184117,871.1783376624242,0.7451682950146099,4737.513994249144
2010-07-22,30.415256215876383,1036.6892509096851,0.5717159942888969,5119.809492680121
2010-07-23,30.269010260174515,1162.9894087109165,0.771891206875244,6121.255840394405
2010-07-24,18.111653160214544,1014.6580210977113,0.48193348546998294,2890.6623486173685
2010-07-25,20.310874800424386,1012.1775073611648,0.5416345459459473,3817.8789790835344
2010-07-26,27.5751763360433,789.4024936579734,0.9422400901923931,5961.961488369256
2010-07-27,27.568929754561044,801.1297247347155,0.5033531539699942,4941.31553571755
2010-07-28,27.575238431530238,579.2184184600919,0.6289917877105555,4460.434259316353
2010-07-29,44.26365745327361,1524.873022956082,0.9230987961772101,7710.68211491195
2010-07-30,27.854452553465833,626.8410293826145,0.7954049451872691,5366.447557083685
2010-07-31,30.677828200902994,792.1284406612278,0.3435422583152919,2562.207588474881
2010-08-01,29.770008817466014,784.4778203292408,0.4031121309952792,4114.362263451714
2010-08-02,28.25695625652899,1268.4773130833323,0.30548911354034175,3741.6856807858835
2010-08-03,23.42365377679827,911.5150965123917,0.7416452531604143,5155.621053297184
2010-08-04,28.794846102466337,1374.32262180212,0.6133713977872928,6418.142861435116
2010-08-05,21.13587392731214,797.9528127268395,0.39399239563159283,2479.0795156851245
2010-08-06,23.815906966299956,1083.6982486671407,0.9705538847397392,6012.402176791479
2010-08-07,22.573182260854484,749.3958840220728,0.6707618067619339,4189.460251723537
2010-08-08,25.409370696931614,1643.5447383320165,0.46932530587902244,5923.3739664153845
2010-08-09,36.573292833367546,643.7204742911462,0.6504224998082953,4108.545051553725
2010-08-10,15.66367403704126,1092.9462130681081,0.7757342329145754,3931.669493505872
2010-08-11,28.43130095187257,1190.1330642796295,0.3533674525814951,3843.089009855864
2010-08-12,16.936420644051744,1124.1397292354495,0.4922926705335244,4332.434243296568
2010-08-13,22.640340671052833,944.4137023366875,0.8648758436187955,6445.3545311894095
2010-08-14,30.444752984836832,961.0537900799721,0.6217654092818629,4821.591594768401
2010-08-15,25.321400095477316,1013.1434415937329,0.6826039994226064,4999.663581516363
2010-08-16,19.61127611035347,955.8993995114535,0.6029712015466284,4984.168979401596
2010-08-17,21.42348145370016,1289.1637350384729,0.33072995985010356,2868.28049216476
2010-08-18,28.39798874467338,1663.1569004774055,0.41602484587410915,5132.077079967521
2010-08-19,21.34816684141432,832.75246449765,0.6118791471193237,4387.520951625163
2010-08-20,26.082292947909874,589.0591061262767,0.44642982578554946,3438.991349218312
2010-08-21,25.22785919951907,973.5153854946235,0.3349853200617751,3128.446984678634
2010-08-22,21.741998261970913,1773.9128012962956,0.8905547648362766,7604.919845725441
2010-08-23,35.719720446626624,758.8976296090807,0.986834770414881,5493.791456917403
2010-08-24,28.169595111590056,1491.7350416332201,0.8552000117977177,6838.825691667606
2010-08-25,14.874287066711965,1503.3102442229322,0.8976494451932668,6965.33642402503
2010-08-26,25.93227157384714,833.9235274876016,0.46938399122193175,3320.233572649879
2010-08-27,21.69106767615806,1170.6949237555825,0.9724388828592399,6817.629756410066
2010-08-28,29.26216667398112,1488.5189869385613,0.43784799311739986,5352.822523564527
2010-08-29,21.037396307836495,886.2616777037539,0.9660008672532825,5983.122906636862
2010-08-30,24.426317792665504,938.9258919692915,0.9963735057761656,6666.267087950971
2010-08-31,27.524936394902287,825.4957258154069,0.7982059640222341,5036.901808844792
2010-09-01,29.328775970850607,695.57298079214,0.9868006122542752,6188.282181550164
2010-09-02,18.998517964721117,805.2167364801978,0.6986778456969726,4858.856684475925
2010-09-03,23.327493820795258,632.817919971323,0.48167924822326325,3418.8932525829428
2010-09-04,22.62527344419522,1010.2250404777678,0.6058971199659346,4387.933718213003
2010-09-05,21.73335383713144,769.0080306824075,0.7154926547651501,4814.255229192534
2010-09-06,33.82727120140548,1070.1357735372244,0.3511570934189105,4444.725469557584
2010-09-07,27.024908554804778,533.2313061389118,0.7356402852320723,3570.9388268896837
2010-09-08,18.695580228324772,1099.264069664337,0.9868244857336061,7146.966611890893
2010-09-09,29.58930973527388,1250.0586884826773,0.4330753548486093,4476.83226863156
2010-09-10,35.610780985063165,401.87930722856333,0.8548165814018682,5571.125537339742
2010-09-11,30.162326302755734,1112.2169709542716,0.9355291556457335,7508.819497097611
2010-09-12,17.403150170229935,1368.3006977419877,0.9605911149741546,6223.877630251011
2010-09-13,22.578829635668743,637.1076943926385,0.972094923083813,5408.910984774006
2010-09-14,31.334555745933113,1501.771716051311,0.6650217471050304,6251.105606986577
2010-09-15,21.461652671906094,1125.7057028098136,0.9841155355940525,6353.19495662298
2010-09-16,27.219097140731144,788.4964432724773,0.8301171449941072,6456.001756470452
2010-09-17,28.873170267146683,983.2692767026882,0.41317000536587334,3547.661046678681
2010-09-18,20.365347642109583,1167.4980737565168,0.6338300745275789,4744.640512512973
2010-09-19,24.702373219691,1022.8016174237234,0.8028318227604028,5897.0755254355
2010-09-20,8.793663299654636,1161.6267977339107,0.47313822107335834,3027.5531027793004
2010-09-21,19.878061793328552,723.7979220761902,0.748430628484221,4485.811720361781
2010-09-22,23.7371592430342,1050.8082472108233,0.7666203353326334,5780.302763861611
2010-09-23,18.761084090175753,575.8856509285059,0.4138898206659961,2492.8444075045245
2010-09-24,33.16205651965818,966.6321815953899,0.6955597187169293,5522.472353308361
2010-09-25,17.849293110196836,728.8277075605631,0.8401388376850254,4786.14820283191
2010-09-26,22.799777566515083,779.34101722307,0.6492269651751593,3687.570584057307
2010-09-27,25.653702886430455,1370.8279525631312,0.3084721817432752,4227.49856383378
2010-09-28,32.20636644533058,1327.3930361782807,0.3063269283555045,5174.205572224234
2010-09-29,17.8206892441028,1182.7414362721531,0.5499205407790085,4515.3208540362075
2010-09-30,30.815818760774796,672.3061705982263,0.9483358479022472,6239.714577370203
2010-10-01,25.051165305097935,905.0774650915594,0.46007374572252613,4209.443301609075
2010-10-02,20.092456744760245,1363.929309993755,0.744054582210181,5318.0891200030765
2010-10-03,27.310517371316354,1042.5150740919714,0.45545310948532436,5079.078893241184
2010-10-04,25.99529847786735,1695.7988619945081,0.525168992761684,5918.372009902205
2010-10-05,21.998915614206027,1117.9953518183115,0.8936294627210388,7120.012247496673
2010-10-06,25.349010424950094,1057.6147349470095,0.8102030095889627,5567.178541324343
2010-10-07,23.0734320156912,907.2650607392496,0.36677949411924743,4211.130154138209
2010-10-08,25.56758672625624,1040.0622714346846,0.6000914146905034,5246.53869965209
2010-10-09,28.310653372605234,954.2590490858369,0.3204188345516851,3702.66498248654
2010-10-10,32.93008408072676,1212.4326030065772,0.6366231026221063,5871.497150336598
2010-10-11,18.810922505865754,1287.0106950383752,0.7637038081907477,5708.822247286551
2010-10-12,35.665166873281336,764.2031618476151,0.38295183651870607,4326.689679189763
2010-10-13,15.239561002387491,600.6301139326665,0.5022194572364159,3044.515499090811
2010-10-14,24.241074524822082,449.13838806901106,0.5784856378515097,2519.223839843099
2010-10-15,27.941586032422883,1152.397398073763,0.9436717172592348,6361.639453211343
2010-10-16,26.404959338675162,668.9900181478379,0.9952785107960747,6041.697681113434
2010-10-17,21.88650240089703,354.1328221142552,0.33143790929693107,2114.7798023407945
2010-10-18,23.959388748213623,1116.5735813592892,0.8327055464467743,6066.350087913183
2010-10-19,22.534995326705836,1747.8998552298372,0.5602068464816403,6533.069104099999
2010-10-20,22.053176215278942,998.178726538032,0.574720730360636,3497.068983623879
2010-10-21,29.248010485105123,1251.5472323354925,0.8279854813429159,6677.216363893401
2010-10-22,26.785077429825236,1024.5488075642695,0.942898502501786,5693.854386435153
2010-10-23,21.535452023696728,970.3331040426572,0.9656500161517838,6725.545037771153
2010-10-24,29.497999377166252,1275.7229448963305,0.7039858102268245,5999.045552564095
2010-10-25,26.536497604383047,912.9176367434046,0.549984811510352,4612.38919726978
2010-10-26,29.0643105941948,1080.2176942215708,0.8512843601011455,5938.131238363726
2010-10-27,28.14814420961806,1096.5093418588042,0.4757009682836102,5118.663201445438
2010-10-28,20.855024945389637,799.5728639070853,0.6948518201834624,5137.01840803039
2010-10-29,22.199094799015153,1297.612704860957,0.5510049230674112,5251.976916515671
2010-10-30,28.736468025616308,947.5120729913774,0.7596417515955132,5565.297681809416
2010-10-31,28.051851327167324,773.2764521521466,0.4682792390254548,4080.470308437499
2010-11-01,24.89549203017926,1160.952953071121,0.434115062014378,3883.8095337294203
2010-11-02,25.58663691654391,730.4596054626888,0.942767360672806,6381.8656896269595
2010-11-03,31.388324478942124,1008.4543472107384,0.37126257806467583,4767.378255853922
2010-11-04,22.04214305582085,997.264301006739,0.6541705354144521,5402.793711866374
2010-11-05,27.735486905850188,1325.7686697494735,0.4545969480741062,4446.495190258283
2010-11-06,23.98903673783053,1142.4094698639858,0.3272509743279672,3801.2343068958853
2010-11-07,23.9115939838639,992.4919123764569,0.3252131728039985,2660.0586160867765
2010-11-08,30.49388425993595,1245.3298897600862,0.4226552404740791,4914.825350475203
2010-11-09,29.12708174494015,1417.0622647051941,0.9067392481542,7549.4765638596655
2010-11-10,29.067548180003193,1167.3430919055586,0.4977351207839186,3841.831026964788
2010-11-11,31.527394035771646,1003.1057859530142,0.9653214194027069,6328.296448751963
2010-11-12,25.105019208163796,606.449130294952,0.7071356050924354,4362.257798088387
2010-11-13,28.40976485647482,680.4659010773883,0.6056299328381363,4159.139835598785
2010-11-14,23.44866621703272,908.4325886935997,0.7060621842686181,4414.870941872524
2010-11-15,26.62083176244221,817.146339352215,0.6616888696583874,4968.267979794569
2010-11-16,24.349284728161578,943.9086091043662,0.8311433776301276,5886.735147237706
2010-11-17,25.48497982496359,1016.9949774691321,0.4977472461809965,4199.840611102167
2010-11-18,27.97578512718457,1158.9078263070191,0.5471352741202117,4574.385529495144
2010-11-19,20.908896583832636,978.8503665822726,0.9258660117732755,6656.829184430837
2010-11-20,35.4619363784273,1145.9504931478605,0.9625195592052838,8205.299157787653
2010-11-21,19.96991309250149,1019.3423244430361,0.924790759240532,5919.353357790537
2010-11-22,18.92905693606134,407.36003009383865,0.5936135957701194,2923.1574272639305
2010-11-23,30.790554367500338,718.1993818543738,0.8462558521048171,5952.809575313848
2010-11-24,28.95831346981468,956.7737332835154,0.6334350133107691,4849.623516738117
2010-11-25,28.120599085260775,637.0915771476677,0.6482778965022715,4351.903990738116
2010-11-26,28.1417275463214,1179.9786189988613,0.44327607634009875,4853.250572876622
2010-11-27,24.938766135765427,1459.2252497031093,0.7137912122809615,5279.6668238456505
2010-11-28,20.51372814257084,1365.628555509195,0.4302951284273435,5067.570322709984
2010-11-29,25.37902279096863,935.9671387209376,0.5320952893470356,4337.702125890155
2010-11-30,21.61419144243944,1447.2178410549857,0.8985211411339546,6762.004387620627
2010-12-01,29.875598667088756,1044.6002371606335,0.44495306644759863,4263.128662802973
2010-12-02,24.264713092489306,898.8742086645882,0.34981079962140293,3241.252747570916
2010-12-03,20.872514016037442,815.9792009377181,0.3483053148289714,2051.510025099703
2010-12-04,23.393070791735035,909.2590940535615,0.9585491643521755,7028.38666318137
2010-12-05,27.06465727137812,883.5469544376314,0.6548443065732842,4915.211121445899
2010-12-06,22.181377235980126,1051.1248667126463,0.5865884502719128,4865.76191180755
2010-12-07,20.888898022167844,1048.1721943149594,0.8676150067055428,6454.639208553047
2010-12-08,26.218436057459563,1000.9138060460243,0.8850781495373612,5727.558933871683
2010-12-09,26.224832855543614,1131.0814509239049,0.5325337231809232,4972.80911004722
2010-12-10,22.46528412314435,1357.1938824359024,0.7855326402316567,6131.49462673791
2010-12-11,22.644808471908387,1284.8662406323972,0.8397859710963205,6824.288147950062
2010-12-12,26.16024968678818,554.5306094650289,0.7582554808061681,3644.7373971245597
2010-12-13,17.75957829251338,233.8236595294136,0.40611655236006955,1836.6618453642093
2010-12-14,17.962681128117225,1280.295973371782,0.9131181584619399,6222.906467567143
2010-12-15,21.40777889373782,589.9363904753736,0.6773661869152061,4353.224135530747
2010-12-16,23.932764241440765,932.570379432195,0.49773069845900253,4285.454556915542
2010-12-17,26.554537827990025,648.9660921821921,0.5976597298063857,3760.1447773848013
2010-12-18,32.37678108474776,459.4058687259941,0.32629976327923516,2313.06267599753
2010-12-19,29.288298116010097,1162.4388184614363,0.38950676085569225,4181.493662723175
2010-12-20,24.200307350182864,1227.746548090794,0.8358827253611025,5896.60097683864
2010-12-21,24.904918960486555,827.0468797819842,0.3000081443287563,3320.372276958142
2010-12-22,19.987353176810956,222.68731235652706,0.5915960799376045,2718.1190830179016
2010-12-23,24.90743432003805,836.1266655242551,0.6657571267599118,3292.916571189151
2010-12-24,23.55670680539931,1117.541201620764,0.33824409400068056,3416.727185203994
2010-12-25,26.613592801690448,556.3265293677614,0.9811547140806329,5329.834358801224
2010-12-26,20.863845282238387,1055.0079759337466,0.45828773187477034,3129.008967622791
2010-12-27,27.596732571205862,995.4070452481013,0.5129391037453965,3816.6329186721923
2010-12-28,32.66369456501289,1173.7874498803264,0.5127597585785191,5099.262656820378
2010-12-29,24.456199257715713,1035.874110524246,0.4612916634821449,4765.336915469118
2010-12-30,27.008558610494706,708.0793177355333,0.301031675460418,2928.3371802303814
2010-12-31,28.450719958555563,1358.9714504993474,0.8105413558615975,6389.93398412659
2011-01-01,22.993897640570818,952.441128091909,0.9767918498594996,6666.488485095208
2011-01-02,26.120462409052084,991.8086381470205,0.45700543829953155,3845.1224331348067
2011-01-03,25.062962003908975,720.0196122780412,0.7641330342623956,4666.552311481937
2011-01-04,25.48838049274416,867.015324642547,0.8193274288711005,5027.905484161312
2011-01-05,21.13495108072267,734.5591857919297,0.8938977653633673,4619.44034906097
2011-01-06,25.122550871294713,948.1161820229731,0.5958404379095263,4436.600243878591
2011-01-07,27.489991456227248,1513.512544042703,0.5120516339483004,5540.809575598337
2011-01-08,32.25571803897521,588.4296571205931,0.5277065938161217,3879.8663502631107
2011-01-09,29.796354130426035,515.9315806369777,0.7988349331689589,4807.872069666373
2011-01-10,35.76591228755778,1441.3510982480825,0.8717456265539452,7056.852913295389
2011-01-11,21.163262185559752,937.2028968544402,0.4271297774296219,3872.3408859774618
2011-01-12,29.361603183603393,799.278178402025,0.5596587057104356,3706.3640845631053
2011-01-13,25.91671002869176,1311.971406218823,0.9313581377244049,7464.582959415996
2011-01-14,35.94901466608836,818.3153380789407,0.8646854637863175,5756.400218930525
2011-01-15,20.958508573224243,1547.8029140640808,0.989400881933733,7214.318047781522
2011-01-16,20.801390789096118,1203.3777614017808,0.8279737817774564,5353.30137583781
2011-01-17,22.00303677277989,853.6265775562892,0.5752366407195455,3932.8871239064824
2011-01-18,14.380521378450965,1647.1924639796512,0.7134464837962464,6568.299645102072
2011-01-19,22.371224891596196,818.2855230989985,0.7627099779731241,5326.496224865406
2011-01-20,21.20433669223151,1222.628611602792,0.35491907142198675,4269.280470941111
2011-01-21,25.75196893238104,1089.7877741219477,0.6811478713727055,5633.984624693442
2011-01-22,26.708779878885796,1390.5223868196395,0.7965245799308267,6047.271752972518
2011-01-23,34.38085419607943,1468.4533590180558,0.41712491280074226,5076.179379680016
2011-01-24,29.75211919093025,1009.60124471973,0.8464422021978899,5848.9198954166895
2011-01-25,22.115481721687985,773.9746388961449,0.7086409463598782,5362.2155476956
2011-01-26,20.50792664325821,1137.9916428817348,0.9665552499883161,6035.761544654805
2011-01-27,27.459595857532527,796.6853890743682,0.3296956087448242,3561.677459444039
2011-01-28,18.398833964896788,1604.016174257987,0.48572829628882686,5503.092463259332
2011-01-29,34.157293829271765,1040.9605993248213,0.7210877155098768,6810.0345685206585
2011-01-30,30.897200603606436,890.4035346063674,0.5075919385441514,4158.783495799064
2011-01-31,22.654121739476476,1055.4040917594725,0.8000969148498696,6100.159924532198
2011-02-01,16.434327354545612,595.8621131410911,0.8313036977653516,5810.785001105642
2011-02-02,31.769361870827062,708.5157884468045,0.3717611748465321,3055.4847062007743
2011-02-03,24.42730077373691,1360.1241723833277,0.6596981249447373,4972.5838844110085
2011-02-04,31.189081559867308,802.9317163085813,0.6562233889137391,4006.429438225341
2011-02-05,17.027861706028165,685.9267051954181,0.5584965391508787,3872.085205877303
2011-02-06,22.003124885231134,1160.995825758186,0.9530474037987704,5745.809810742489
2011-02-07,25.026218498590914,1355.7112463988992,0.8792544239112547,6672.846010814656
2011-02-08,25.23490296882371,1215.68599319952,0.7880465673367457,6352.006565043434
2011-02-09,22.74967264260378,1298.8143057417449,0.8000286450144982,6327.843237101128
2011-02-10,28.114249661737492,772.9614734291617,0.6232013006691833,4780.3643653832005
2011-02-11,19.661897853087027,573.4567999774468,0.9446961647676031,5464.634244347688
2011-02-12,24.288102574893532,1450.400095586646,0.7862167990772997,7185.722221961163
2011-02-13,25.601478158559495,903.1960483473592,0.8102867431590715,5161.741530048651
2011-02-14,27.572194170293745,924.7500950634858,0.9031836326511415,5905.530492668101
2011-02-15,28.55807439044445,1398.4582425547173,0.4918501125395337,4797.741044693914
2011-02-16,19.376789540810655,1166.869002820198,0.8649496327066921,6542.4215521456945
2011-02-17,17.32942914632189,1136.7663316244823,0.43666842206954437,4273.545525110313
2011-02-18,31.388384109492545,1649.5007034703253,0.5417393665714214,6302.730104931638
2011-02-19,26.661570059897958,806.9445308859571,0.5349273179888898,4713.350988156225
2011-02-20,21.25756731721723,1278.3520384243711,0.9849678278723983,6455.401148383405
2011-02-21,32.75575987761262,1017.1039374691253,0.8995760566235487,7503.488207712194
2011-02-22,25.578373171464293,1080.577683658977,0.7908189031131818,6655.787852313208
2011-02-23,30.896485920319133,1458.5405279237596,0.808939733130773,7374.415016140214
2011-02-24,25.337592407050543,1152.350726886887,0.6934509560817997,6429.735308920829
2011-02-25,35.303739624409936,1161.4888237148898,0.9629634669759632,6574.670359691206
2011-02-26,33.77670421221602,1321.7522011929407,0.647381127017653,5807.021179953621
2011-02-27,23.75517925760463,890.5141811371344,0.5663623969089262,3932.9475793581555
2011-02-28,29.85785475477178,748.2370997982981,0.4141247358521137,3920.7302784744247
2011-03-01,28.226879747925736,686.5572417936899,0.8503439565827406,5011.107884096297
2011-03-02,31.843157787661745,410.0930231871995,0.8141107524529139,5361.645272690797
2011-03-03,20.17538269709948,1616.8621389820967,0.5690485269668943,6273.004119651995
2011-03-04,28.430257299992196,669.0374902834951,0.31763538977146055,3195.366244465902
2011-03-05,30.29212243424794,933.6239129242684,0.8872981294026074,6460.220106404722
2011-03-06,16.20630256788443,916.9560100333238,0.30799258841785154,2190.2534200997525
2011-03-07,19.083707436671126,1092.2220093427302,0.7925898457403356,5178.153136158012
2011-03-08,14.803839111199498,1244.721163761789,0.9791799768082399,7250.343619773086
2011-03-09,23.652965827777212,1258.1420465079236,0.6063629297037424,5620.421534876085
2011-03-10,28.58771127897981,825.0767684293185,0.46448138349716694,3882.43625860469
2011-03-11,32.51178526048014,949.8634858640766,0.7934097070303672,5783.40999702105
2011-03-12,25.370473902098876,1084.7739851464898,0.8719896994109095,5285.116225896782
2011-03-13,33.14307772785646,925.3926621449359,0.6825012212544931,4885.01910761294
2011-03-14,18.099492708925542,1482.2036728059977,0.9769246926793023,8209.714988024645
2011-03-15,16.483087803224226,1147.2924854914754,0.33616810516057277,2659.3521014457924
2011-03-16,24.722261505516904,1220.4633358149451,0.6533569188131696,5538.564251582124
2011-03-17,26.920327244696537,1198.8643806002237,0.8029177631257851,6762.0559256618
2011-03-18,24.836526259529535,1352.0421572455975,0.9038483298044253,6337.690942488652
2011-03-19,14.662789499800617,1054.306467611112,0.425478928335453,3561.502289280062
2011-03-20,24.55439980243606,610.950415613246,0.8600024372345769,5718.590776276506
2011-03-21,18.477652497475734,1119.9063855257925,0.6868949530029816,5104.4198218939055
2011-03-22,28.348362744150194,804.5929318624512,0.5775875773929742,5848.743415730667
2011-03-23,26.83299123048424,841.4149954750729,0.3922005200053655,2651.182523062087
2011-03-24,20.300601068363225,1175.909205626528,0.9057070312362387,6924.7478857943515
2011-03-25,22.430665413316532,1371.4849214300907,0.41009124572580075,4328.558473456779
2011-03-26,19.70393239055524,1006.3814730208185,0.5168515014463695,4468.177150219584
2011-03-27,24.68660451363414,1092.649903779689,0.5030318723737057,4655.442970959236
2011-03-28,29.775711602506192,1510.6644833905714,0.909989823933598,7193.485568019444
2011-03-29,20.07136976832228,1072.2259538465705,0.7708920959462285,5616.979072070068
2011-03-30,27.520232577589223,1780.5049342541183,0.8576769780339606,6796.455661858357
2011-03-31,22.348711908137794,1169.6528936894633,0.4753275291547493,4635.002778845259
2011-04-01,21.03563583868828,471.7711722532547,0.7374118697248992,4331.462718060683
2011-04-02,24.464848200227213,1226.0024863313597,0.7002221882006241,5995.688407998751
2011-04-03,19.82378838790313,1114.3475154648334,0.8829812637517898,6663.849931627348
2011-04-04,22.23175347326409,1386.9258262248236,0.9342609423368824,7240.553957902119
2011-04-05,19.010610537055758,1201.9544053809875,0.30850974003417075,3471.032747684755
2011-04-06,34.82362566458195,958.4632048048678,0.7718139433411548,5576.643241213961
2011-04-07,25.176317759858645,632.7105291131902,0.3362850593838103,2349.551861313839
2011-04-08,21.50137246003707,937.2930228141925,0.6842010655541491,5464.027306489649
2011-04-09,26.06989955367111,744.84386373721,0.5013429103305747,4518.064959663838
2011-04-10,24.43835975154585,825.8429650585832,0.5147436196654989,3828.266797865926
2011-04-11,23.895152002333884,1176.5735213261828,0.5470709524166496,4806.260778478945
2011-04-12,28.070833500217127,1500.9713513054219,0.734904714334727,6127.700761798453
2011-04-13,28.787538550236526,1118.4014589468943,0.5338349759681384,5431.73314788003
2011-04-14,22.34749426194736,641.2350813894448,0.8128893354131963,5296.999964788128
2011-04-15,22.1209087967766,1133.3808004660423,0.5831691699017088,5759.261608511332
2011-04-16,23.62474151424178,1358.9894459936954,0.347847240216971,3699.290630194465
2011-04-17,13.490394176322075,817.0651287041853,0.8486318897388749,4862.8054654097405
2011-04-18,17.42404468900724,959.7948499981247,0.5000308272148941,3906.6690317838684
2011-04-19,31.834371337222624,1004.4064584187591,0.6029368157194839,5438.4603311589535
2011-04-20,33.22483856750642,764.530506075328,0.7798107182553311,5481.522713028816
2011-04-21,23.75481980221811,1194.4841301531578,0.5327193100040983,4303.825255210862
2011-04-22,27.882784815278832,963.7155554176655,0.33960995930270094,3960.323912574563
2011-04-23,26.556250772717682,1125.8597331721082,0.5617447329089695,5248.823350797739
2011-04-24,40.39440404227619,733.75234665937,0.9611140078860123,6334.657884580748
2011-04-25,30.597874557172883,868.7625099029768,0.7492140781089907,6191.2105387623
2011-04-26,24.360412042596167,1216.7144073483314,0.7700354040670447,6586.725791759996
2011-04-27,20.22229779699787,888.1500543724699,0.7425975075463478,5067.550784950468
2011-04-28,16.96776839871214,1518.0891553700217,0.43929449727160574,4620.838148221697
2011-04-29,26.017318179336115,880.1091443156192,0.592833704871596,4802.281607513978
2011-04-30,21.218246273578483,1067.4054177255657,0.8256578588543226,5393.1609082735395
2011-05-01,17.88873145201163,1279.777249561927,0.3709610282872114,3823.811952742534
2011-05-02,21.767135578787368,574.4902801200906,0.4944969432627986,2133.6302831889525
2011-05-03,19.592259981928024,471.75735640576727,0.49342337592609753,3328.4724142898913
2011-05-04,33.43570817536282,542.3031056289716,0.6024132493161541,3487.711255385925
2011-05-05,29.408198784747253,1378.7752310281546,0.9862581186595294,8410.960908805819
2011-05-06,24.960136793416915,834.442556232266,0.34725178267867535,2988.0908185455296
2011-05-07,32.39972069445013,1767.4597857004755,0.6630906960664165,6864.525595489951
2011-05-08,25.38684153823809,830.7257204027834,0.42555527740854726,3244.7029517179544
2011-05-09,20.69357899335868,1055.365390959111,0.9794735817868208,6398.758203559222
2011-05-10,32.61562038634828,1462.6329857703627,0.3793124533092249,5661.874929978281
2011-05-11,27.694550218423295,1601.8278664477368,0.5825207016531138,4757.082423814669
2011-05-12,19.81376922836772,1618.4510729909193,0.8165194893842243,7448.67074736544
2011-05-13,24.04830660958196,1362.5098691779426,0.7931880996192117,6562.387307481896
2011-05-14,20.621908733076214,1307.2187577434388,0.5959100458257525,4521.572357340843
2011-05-15,18.086001345178317,1177.758084760355,0.5425669175669028,3934.99462808952
2011-05-16,29.630887737658206,1233.5083228499914,0.5783286649870094,6178.400871122041
2011-05-17,34.54708320235065,834.64428510144,0.4849933842110475,3848.856211404284
2011-05-18,18.007162130904295,754.5403349733078,0.44373305709475985,2551.42880666765
2011-05-19,27.814846183452854,998.9876627767144,0.638127788291223,5648.01384736455
2011-05-20,21.746787154390866,948.9446132425214,0.4879736292473251,4094.3731685841685
2011-05-21,22.56437308117652,864.0315852018175,0.501223165428075,3393.4348633346367
2011-05-22,22.038030378805654,1208.9162342370146,0.7597292444321899,5926.692697277571
2011-05-23,20.68004615160092,1286.5915625711532,0.9779761321899245,6484.189751851836
2011-05-24,25.242608139724133,1026.5220658875542,0.7225460403915624,5978.315439930429
2011-05-25,20.84524941794481,1443.2590243165787,0.3538856269454764,4728.894136694346
2011-05-26,26.352284128899193,657.4932657599485,0.35290852969784686,3163.146485865062
2011-05-27,24.748809452754315,941.9021622160845,0.9659962545918961,6632.056600652873
2011-05-28,23.80525976566795,784.9533038191585,0.5081035532151335,4681.281424431068
2011-05-29,20.46218168979201,440.03901487808196,0.3644468902577328,2225.2647292285415
2011-05-30,22.116143347158335,975.1957942471902,0.719331211005267,4561.917748168232
2011-05-31,28.77695612912878,963.475747485015,0.7365541448031863,5773.306981858554
2011-06-01,27.504585938121902,1454.0349229726394,0.7539533740830817,7596.0895380353395
2011-06-02,20.112223776007244,1189.2435053664333,0.4871814195002789,3812.625550441698
2011-06-03,25.49666152714613,692.7439527012385,0.3105774789501325,2532.4769931634532
2011-06-04,28.756935616858947,1556.2277699002566,0.9755107586181302,8136.079132784837
2011-06-05,16.652973594393142,1366.310108657606,0.4756251319837717,4416.442132450857
2011-06-06,27.716800961899676,1174.6293110405848,0.7732184016367831,5610.0388881714125
2011-06-07,21.686881205270765,932.0547703450504,0.7946409089150966,5982.587073644357
2011-06-08,27.852993342965796,712.1682289829561,0.72700519195564,6112.032445901032
2011-06-09,21.183704217287417,888.337967178684,0.5190351759495537,4029.1027544814615
2011-06-10,15.975589496677404,1326.6245859112557,0.489767377634846,3948.831389962611
2011-06-11,16.862287810584185,1565.3758917803827,0.7183677978918921,5291.224901022698
2011-06-12,25.24042473330691,1462.9730584816566,0.906266943528184,7348.2900618801705
2011-06-13,26.29861250860741,853.3451734641178,0.9627136102463769,6887.127695248619
2011-06-14,20.478416874477958,664.1147700132967,0.3741340630826303,2960.404572411334
2011-06-15,28.19296229388687,1042.2658740733611,0.40838002881840385,4034.8780864736573
2011-06-16,16.6923996886552,469.46819033114446,0.9613153811481556,4785.497444941174
2011-06-17,24.66960100676342,1096.9503142554345,0.8155746598343547,5459.172161661769
2011-06-18,18.944919001187717,955.7192241103994,0.9180956773808411,6366.538448346831
2011-06-19,21.740819460989204,860.1890494395274,0.44184284389474016,3973.5191020950087
2011-06-20,25.23699335658207,521.5890798199614,0.7113101097765813,3588.7134830065656
2011-06-21,20.69793317358024,1154.080031970915,0.7907977160922315,6591.964792172342
2011-06-22,23.077222278850872,840.1897481014266,0.7760783198128809,5501.667819656803
2011-06-23,30.0314640460722,649.0249492869136,0.5857061836066886,4927.951341483777
2011-06-24,22.115540652384254,138.32133601550515,0.31077642418391593,765.2379513272452
2011-06-25,29.17846056032571,991.7455284848091,0.7080482397629841,4799.743206093105
2011-06-26,19.351465726711908,1531.6754790009231,0.4771710774257261,4842.294976582423
2011-06-27,27.649020889576413,1498.377764364361,0.6151779723000232,6206.488648155256
2011-06-28,32.207843103289505,862.8711230241184,0.970306710558672,7585.848365469554
2011-06-29,12.641777499363553,819.3363818914659,0.5793247223497042,4020.4247074071964
2011-06-30,21.015523722647615,1140.632276822507,0.8878611246650987,6150.005724696872
2011-07-01,27.8853606359027,700.4843682435126,0.4319784240244758,2941.944284571593
2011-07-02,23.984773069785035,1090.5375699458398,0.7707223486175201,6348.925822828107
2011-07-03,26.855729366856544,1229.824083515407,0.9839048681072604,6739.606263034585
2011-07-04,21.980074066420897,1368.0799671652921,0.37132517061105574,5006.023768093069
2011-07-05,25.4329489373645,969.9537770560141,0.3058239595590344,3098.4824739721707
2011-07-06,24.221613823039604,938.8978749469102,0.6035079548428299,5401.707251568875
2011-07-07,30.838910308299035,736.6052239730317,0.36483783813595705,3678.8107990704393
2011-07-08,26.272104216506065,751.935893788042,0.8238690447733619,5368.324477546967
2011-07-09,26.68801331037601,932.056332429542,0.9401840646939912,6139.735467934777
2011-07-10,22.940615169387662,1110.2096520448533,0.6038146808961311,4716.0695283667055
2011-07-11,22.561968879637533,1274.0753878699747,0.48109814950880864,4795.898313453488
2011-07-12,22.837209060901895,759.0463147958965,0.6040823233046269,4218.942947268881
2011-07-13,26.972260711891483,1447.8065706878565,0.8064134724950007,6479.387835410938
2011-07-14,22.895077595898684,918.6629196872293,0.3063379131062597,2930.953579541875
2011-07-15,26.448874284482066,993.5898116954692,0.712617792639288,5412.000815671056
2011-07-16,35.37700399322719,775.836496255653,0.7293041794211653,4402.677042071085
2011-07-17,29.355623517158463,272.72792191811754,0.7463817728271548,4474.229941224281
2011-07-18,23.369882339160796,1265.2136189083149,0.46941545598661405,4056.138022349336
2011-07-19,31.006069610819722,1221.05316912773,0.7998369063646886,5914.928149017017
2011-07-20,22.959623134892244,915.601732864536,0.36397404043224346,2455.3826510795457
2011-07-21,14.80937732411073,1020.0972151674616,0.43948923552676056,2581.1632252403183
2011-07-22,19.95956844541298,1154.7817653112297,0.9142290326581373,5700.963364627651
2011-07-23,15.646040394870722,531.2362429340371,0.8171062055085965,4075.7950543393476
2011-07-24,23.24243257979346,841.2841967961116,0.30962188780794164,3869.429030384889
2011-07-25,25.092091895947757,1238.2794038865482,0.47386338225886016,4337.540475917183
2011-07-26,33.382186561376415,623.7131730492251,0.4500845380952152,3755.8334177773627
2011-07-27,26.634636868820813,1088.0673796499889,0.48956442962588076,4655.929444123586
2011-07-28,23.90449735595568,593.0254586129785,0.47329183919592044,3313.2675741112675
2011-07-29,29.147027905917447,1139.9289947300579,0.343768407019992,3917.3296894929513
2011-07-30,13.944323454960575,989.3075553107549,0.6212583616177743,3684.476209658787
2011-07-31,26.178072790542828,515.4604552283472,0.8129134323503155,5629.855485875019
2011-08-01,28.854325969434832,1349.4218063371513,0.7247122073022054,7168.719269476014
2011-08-02,17.607068771100792,779.6225269605852,0.7710101680186559,3953.319985508146
2011-08-03,30.718770216034645,756.9242688956857,0.3568044249753674,2821.79487802675
2011-08-04,26.69248203747207,1060.1707591692827,0.966043497123751,6645.277934642421
2011-08-05,22.923560430495993,1344.5912048286145,0.8869442836901174,6287.81295217752
2011-08-06,28.163909330531425,695.253454306481,0.8635632229469639,5869.501266602286
2011-08-07,36.35346428902198,1018.5039549543915,0.8760886635292371,6370.988340802761
2011-08-08,25.909331275292477,1128.6449500991719,0.952897355692933,7899.771276330934
2011-08-09,26.24110293150168,1207.9316821789432,0.6809777762795883,6228.08168950271
2011-08-10,22.70319550229878,1052.9324665831675,0.4401974125073381,4048.2987861340725
2011-08-11,20.75077815267604,889.8916482750033,0.7317485254967788,5489.557963327569
2011-08-12,29.151679082721227,751.7229338053841,0.8200170455675573,6114.0652617632695
2011-08-13,20.719580870455665,1025.8431649139125,0.8165421753478177,5388.4025060605745
2011-08-14,25.357831186096963,678.3582964043179,0.6650143169168161,4041.571114426582
2011-08-15,22.611712766174417,123.59485495161778,0.34792110353350464,1656.4523973643038
2011-08-16,27.39489912873196,1130.9679412473004,0.5597790569010894,5361.394185685618
2011-08-17,26.66831052643474,1271.1804523258586,0.9445366259243502,7167.989759921913
2011-08-18,30.187699721289498,291.12026933744846,0.7091142368301981,3348.6984677948635
2011-08-19,22.449918005726264,697.0807885870188,0.6768323602789994,3999.4070568799257
2011-08-20,23.650625323533145,1185.7462783015594,0.48819746006753545,4458.0246913202645
2011-08-21,20.106181421088465,1617.2486409135095,0.5579142439416052,5491.5447704265525
2011-08-22,22.77853369961944,1006.2381123026223,0.9267422624072184,7271.385310017213
2011-08-23,26.88650246522426,781.5991176312597,0.7665241332687849,4547.150053668157
2011-08-24,28.78494308322676,945.131067668548,0.851170918726633,6338.158504049536
2011-08-25,20.389173379111874,1412.4629257444553,0.6180417961473585,6179.150055345442
2011-08-26,29.3480296005283,806.2107462626394,0.7411730536193105,6421.413113359644
2011-08-27,31.778189294024756,760.2423980049239,0.4738685261202452,3776.5381797203313
2011-08-28,27.067174516118506,855.1769433453903,0.7938225811984403,5778.540244849007
2011-08-29,34.38397906279033,714.0014175223863,0.5993209335923361,4928.686634745293
2011-08-30,21.131054004482134,1036.8010947984387,0.6097818603703219,4776.805057449239
2011-08-31,18.776726483442914,1487.4035375408682,0.7545256272038171,6136.848934653314
2011-09-01,16.106398755478608,1096.9237819348086,0.9553964350282487,6494.1373715348145
2011-09-02,32.480221557445915,924.2939493621137,0.3448044426260346,2430.4981471168535
2011-09-03,28.27182828177029,912.4566193253368,0.8773202661429054,6466.14072848503
2011-09-04,24.722076645447725,531.0427573910029,0.5046681772885352,3384.619185328051
2011-09-05,26.399843131599102,1264.9329331441477,0.6107436181544644,5292.33866525144
2011-09-06,19.372554763508116,976.6488408961594,0.31533933014250626,4022.0531685400356
2011-09-07,37.228759898084135,945.8560259228123,0.5107322544840192,4469.344309774651
2011-09-08,25.646105909876137,1957.932270353458,0.6518418698410913,6755.841190873663
2011-09-09,25.546973973024464,1089.625872509706,0.3393232541432073,4648.993365489039
2011-09-10,28.62883311949346,774.4626849714447,0.6437670105682156,4283.171426333713
2011-09-11,27.405046158683568,872.092721138337,0.948977440200899,6084.267309747078
2011-09-12,26.119420121395656,1344.5337127590265,0.37377525267546363,4290.401983249728
2011-09-13,21.04762772277344,1033.9811231613294,0.835108509652853,6216.253421790371
2011-09-14,27.357341785679978,568.5166065047899,0.5867697373631948,4042.65024278621
2011-09-15,34.41012248237517,1275.768680372561,0.7586216001670365,5918.838812122932
2011-09-16,31.727100230774887,799.5567743383018,0.48216561858966056,3830.2123716000556
2011-09-17,32.965933133196984,1561.9893328652638,0.4116445837789508,5026.821024679025
2011-09-18,22.443921617844076,1324.0144197143945,0.4123238299898585,4293.233547658763
2011-09-19,20.051975898707095,865.8034313023746,0.34934436195020124,3193.8492966060244
2011-09-20,24.37106539950176,1384.304908520534,0.42995269343087006,4846.029432114492
2011-09-21,25.278624561443472,1020.356653158221,0.7649535694922778,4741.406504825803
2011-09-22,30.470957592354743,1255.8321025366658,0.9171834282904556,7653.099719923775
2011-09-23,16.537676851425903,1145.4198451883424,0.8698879799138133,6093.447855515357
2011-09-24,32.64775159730307,746.0930035027379,0.7795940169121388,6214.809695228276
2011-09-25,24.209960507105052,806.9350503047614,0.37730230438777185,3432.9788115489705
2011-09-26,22.8655946502629,1308.9882452743484,0.5024312124071648,5324.073763965547
2011-09-27,19.93947812369916,899.5674003680377,0.5168648127257283,4113.705426274738
2011-09-28,16.725716640671152,878.905461027401,0.47496986247833484,4142.058944581408
2011-09-29,29.115852919809573,713.4632261951941,0.6605039617968061,4946.364225373787
2011-09-30,25.36658983594202,1127.0797196780384,0.6748876704157707,5347.969660010578
2011-10-01,18.55019550129473,1618.7574757729435,0.549820182619777,6550.342999932949
2011-10-02,18.52460613968192,679.7401257237182,0.5476524111155052,3968.491175149005
2011-10-03,23.32107650354936,1007.2658370018274,0.8799889185342569,6367.402302354614
2011-10-04,33.34510762644696,1423.6661666246287,0.8525049938237799,6638.960475421336
2011-10-05,23.702043243181976,976.1075826262854,0.5154570821765219,3570.4489295625103
2011-10-06,17.48428523440947,1135.7115388749203,0.9396519107112815,6490.254634097649
2011-10-07,23.77128467957028,681.2819415559361,0.9669705119017542,5958.741275483277
2011-10-08,23.636382151261646,1128.4921291622945,0.5287197794210285,4275.340980488656
2011-10-09,11.515566785292142,943.8567204986354,0.5480974641551384,3774.4704508435993
2011-10-10,24.72852566741094,1295.718998703959,0.6539439073953712,6391.897281777119
2011-10-11,23.84532734895661,1356.2158154694253,0.9587845687735714,7546.322079529688
2011-10-12,28.48103182406709,1776.8690926055842,0.9134236031996181,7474.403537536244
2011-10-13,34.244780474726724,1173.8899519640727,0.37179757380851286,4363.252383135574
2011-10-14,30.632825147738785,1097.7388949746498,0.5749115202899913,4699.193408359914
2011-10-15,23.655556547225846,1058.3152904732008,0.6873598328248403,5042.357614227615
2011-10-16,19.467370456291647,894.0501121567935,0.652192730786078,4315.624568243738
2011-10-17,37.8667990162493,1101.5451530385074,0.43570414755582487,4536.128203366601
2011-10-18,25.29609217007244,911.3795769582912,0.9011717398177082,5465.854775522048
2011-10-19,25.06964645956473,1050.5382928808842,0.7738585480977861,5660.024308469841
2011-10-20,24.879374564449982,1395.279260682388,0.8865358623962625,6686.902743144933
2011-10-21,25.990423803839274,698.0372304161076,0.9011349955446304,4236.546283746197
2011-10-22,24.278197940380288,1341.9635683387137,0.8238490975660178,7543.568533777362
2011-10-23,22.131689965598817,1395.1345202019595,0.6074474208748021,5978.475470166206
2011-10-24,22.26570529379804,964.5794419026764,0.7273827285107972,4991.207428586743
2011-10-25,24.836233648920008,363.4435302974216,0.4122557842838202,2539.3871893302435
2011-10-26,22.282876144331176,817.6534038716702,0.7715517922324353,4521.382402463293
2011-10-27,21.435771086614178,1389.0983639683327,0.42547727901749655,5325.23311626029
2011-10-28,25.532151138459483,993.1395813103354,0.7857647133571097,6640.3546337157495
2011-10-29,23.725113912895722,700.2093303115267,0.4607187125277781,3468.6147830299915
2011-10-30,32.51996494291345,848.5675236315348,0.38228591010515395,4246.328167027184
2011-10-31,11.745150958034941,1252.1860079513658,0.41569914310007017,3757.7686687717915
2011-11-01,30.45753425961231,1164.0200704604138,0.30139449465334917,3189.526607730223
2011-11-02,31.230425962488145,928.3203702490918,0.8031177324974712,5727.839016628118
2011-11-03,14.633048837959253,889.9526764555937,0.8126807343408653,5140.925449899455
2011-11-04,23.286562029598258,882.4725552868534,0.6604533449392815,4504.266077378305
2011-11-05,23.142795670021044,723.2769446504492,0.41295396073876856,3059.1368377782746
2011-11-06,17.962441526410892,1484.6127068408325,0.3584880362574828,4114.087892535067
2011-11-07,21.110916562045624,903.303859236598,0.3133902765061009,2888.6656801732506
2011-11-08,19.447120772670857,1365.147556247649,0.41602372387565445,4308.899015755855
2011-11-09,33.761352217118116,1456.3948155767355,0.9235988744882027,7188.549081252089
2011-11-10,29.678391965737305,1299.493269444388,0.4690757891911772,4569.777008567559
2011-11-11,31.357775474970794,870.5139061845855,0.5479899290520509,3906.5740985279795
2011-11-12,28.608360320216175,1121.1190271009827,0.3737418391369332,4530.273040740541
2011-11-13,19.354741143913856,992.7413180827251,0.45565291332371916,2678.660789059576
2011-11-14,22.37739866860113,728.8894417809615,0.6634571995461436,4970.72998638116
2011-11-15,27.44687280613959,1097.307784516481,0.7254268781669568,6387.268298806149
2011-11-16,18.889360955540273,646.2880626520592,0.4717466199163477,2944.6869791715594
2011-11-17,28.56499215086194,1356.3038165384692,0.340412511457582,3041.351253994296
2011-11-18,23.798373009209325,860.6148108104821,0.573723008389179,4099.10803304368
2011-11-19,23.125895962252013,1060.3478967618519,0.4639423596484339,4064.610309234064
2011-11-20,28.554799841017456,1084.9863614638427,0.45368774626086134,3860.8523363184067
2011-11-21,27.2213165574302,922.3285078887768,0.9719039618994185,6307.633456242035
2011-11-22,23.1951691709046,1176.0081404425823,0.7314103401480068,6433.924039602104
2011-11-23,30.79664901682124,857.5289030132427,0.6898149102204671,5536.428389120754
2011-11-24,19.594683362000513,1261.3891892371732,0.5910425724663253,4495.443351716948
2011-11-25,28.07967803472132,596.2060959259754,0.6002610334011009,3298.901675795805
2011-11-26,27.96550628984192,1037.9138738639235,0.6786335026866566,5203.761916848341
2011-11-27,23.452267803430047,1581.6786997174854,0.787500864925275,6666.746724557629
2011-11-28,26.63066511121059,699.9006026183276,0.7915022673272806,5436.945391115246
2011-11-29,18.744432118073483,796.6765088425445,0.42018573539381465,2863.8449442740075
2011-11-30,29.620135096034506,1154.1723548976745,0.6500789264536389,5795.495884546199
2011-12-01,24.075489317785056,1053.8745345818793,0.5883706665238713,5720.9538877024825
2011-12-02,22.386384897404803,1105.1890297820678,0.9093688763885688,6784.292197599351
2011-12-03,30.245046129184445,1146.756139044299,0.7419932448528634,5991.686555146751
2011-12-04,21.478281547286205,1190.416440568531,0.6727528464911872,5226.93595543066
2011-12-05,17.957693518182204,1332.909952586867,0.38077624952524214,3789.249261619119
2011-12-06,17.216854132380483,1122.9455970785539,0.7239465225263879,5816.786969634144
2011-12-07,28.030049756728197,927.6227036144372,0.3820427339761634,3353.3048419704505
2011-12-08,18.597853237518585,1201.7721103608194,0.5360446028960264,4536.271251577692
2011-12-09,33.77397090992182,1569.9645804685647,0.3999893753700323,5354.173534223924
2011-12-10,14.59035296058139,960.209876085228,0.7844515529170581,4821.30306837905
2011-12-11,33.48228184145019,707.6412085988076,0.4443764796853068,3125.046133754608
2011-12-12,26.05508733601309,1332.124200786092,0.5743015612316182,5499.997826339763
2011-12-13,24.516434440648037,963.8856508139205,0.926972344333145,6257.952759398277
2011-12-14,22.275404565955252,348.19913619578915,0.4430214683792792,2775.396077304021
2011-12-15,26.995680571760353,1254.2265031451266,0.6554635447711453,5368.754605514414
2011-12-16,24.81182648787576,839.4015442138232,0.5934901628162154,4997.255876309034
2011-12-17,30.516509410082605,972.8400153087517,0.3126868287320108,3096.552754175765
2011-12-18,25.571138243310198,1099.5940991707043,0.8549306795009688,7108.418650020709
2011-12-19,25.75150880730939,1057.14990393372,0.3483321344202198,2769.7176654198774
2011-12-20,23.18193893893072,1212.835545141712,0.6319785146838675,5462.045642927743
2011-12-21,24.715271881394663,869.354088829047,0.692474806457265,5174.561145277464
2011-12-22,26.539008844460295,1153.9317394528248,0.7398985196302109,5436.527985309277
2011-12-23,16.449158036716874,922.1359967248248,0.7820421405155129,5289.1375667935645
2011-12-24,18.259072889471433,1221.6431442662508,0.4772906684659005,4882.452610215654
2011-12-25,28.716320470113576,1184.610245203916,0.30698514366091456,2731.552812541051
2011-12-26,25.854327190639708,719.3683893866214,0.8064105636484384,5514.878360292828
2011-12-27,24.080083318236603,1325.7946348525097,0.674959619543305,4483.756123168336
2011-12-28,25.092169665326967,839.2109664657855,0.8852823922450741,5376.609975661685
2011-12-29,26.737908526808354,1242.4173394843435,0.874971854030486,7511.172557912008
2011-12-30,22.301201598453193,1110.1861940204021,0.8903283174515182,5996.183038525028
2011-12-31,21.108476372988438,1551.455103038537,0.6395662619856781,5269.2253524504
2012-01-01,25.979226275488408,932.9602052884444,0.533539877085806,4233.612245287997
2012-01-02,20.10813611192484,895.2049611645407,0.8540907418139589,6600.223606076894
2012-01-03,27.041263778572358,994.1741182336802,0.6159058791204783,4004.099697395356
2012-01-04,16.4870819788108,909.0460651497174,0.4284095374824042,2758.838960832323
2012-01-05,30.14577818662822,1239.982570582615,0.8984818136930319,7728.378960551613
2012-01-06,27.362987412065216,515.1068174690236,0.917791913740643,6416.173746013389
2012-01-07,26.28014867156938,683.8952742560938,0.626416829298119,4262.16651643611
2012-01-08,29.91345491972757,679.6591235262421,0.3529898091168512,2500.413687359798
2012-01-09,33.32737222231288,1285.0922775920726,0.5714782629418518,6641.866231913627
2012-01-10,30.07185032509065,1513.1840117745776,0.8624763616238222,8139.563543797397
2012-01-11,15.795628843341774,968.6652344387586,0.93124181998236,6222.794504837521
2012-01-12,18.602115166321493,949.3534830429968,0.44243091974831705,3134.766148674943
2012-01-13,21.875907111521606,1021.0156489339544,0.34688152841769004,3345.719625113421
2012-01-14,25.13045525105417,1348.5634907824572,0.914145317192987,6944.196289560142
2012-01-15,27.588295102345615,721.7940597428278,0.5725834572852126,4351.345813336789
2012-01-16,21.371280934232672,1071.5106948204354,0.6792326749872942,5833.249530354644
2012-01-17,25.93383382238539,1292.559288934729,0.9776460684355313,7709.749131735085
2012-01-18,21.22308533823339,1150.3282509819535,0.346595309539956,3056.0992780829783
2012-01-19,21.942410985040258,1056.874484979623,0.7538226052164668,6168.230770303362
2012-01-20,17.96669451575889,1300.3138277701423,0.35187379580240696,3914.8974303468412
2012-01-21,20.38383376944548,189.0303121002288,0.5628282499265502,3054.9264602349413
2012-01-22,18.24157697191833,1203.3625958592722,0.8626701816354128,6865.425378130825
2012-01-23,20.120633735113337,803.7772950617729,0.603430562928944,3574.9489667671564
2012-01-24,30.268208983039198,450.810130943063,0.9980276477320653,5887.256160345181
2012-01-25,20.253005555840286,1153.3607798574942,0.6913414994626215,5010.352059140502
2012-01-26,38.161910324186955,1412.0975635488874,0.5248135068451674,5072.428464850231
2012-01-27,27.466589504404446,958.7654456116925,0.45407792813332715,4234.604995912702
2012-01-28,25.92418061847437,1285.8623641608817,0.5453643740003132,6350.5339050392595
2012-01-29,20.708211099093933,1483.6834773965936,0.5607732916316855,4386.605095653436
2012-01-30,28.501549397044958,1394.474336075214,0.34809957440677264,4438.383708511804
2012-01-31,22.12181086881113,1491.9893588114178,0.5587019395987411,5703.850426594484
2012-02-01,25.610049073226808,1222.6382473215676,0.6249669638174574,5412.152868219852
2012-02-02,37.800422691343975,1022.6300916704779,0.8059164265671632,6408.299424486101
2012-02-03,24.51970050137675,519.4102564308495,0.7597106393051256,3913.7505527332523
2012-02-04,30.74636663142838,926.1812535610154,0.796135958660408,5986.754003465571
2012-02-05,21.48411787437056,747.0260214051425,0.30585457731379995,2219.1488345898492
2012-02-06,24.82505754751519,1651.2828152493441,0.4523671797063752,4210.693553917047
2012-02-07,33.85400317817755,947.234256270299,0.7631790018798995,6500.359791105838
2012-02-08,21.865164711061162,1036.9614420353457,0.6387925577258229,5340.336818173886
2012-02-09,34.062242789984644,1165.4456128121403,0.30371943296784215,4078.431018388264
2012-02-10,28.538759677277376,1013.0807339117362,0.8631462497022755,6383.36804430157
2012-02-11,22.18766612052866,1508.515312129226,0.840966701303236,7368.406443158846
2012-02-12,28.162038695277605,813.2051914796644,0.6838934140954938,5066.149216589719
2012-02-13,29.86277224813365,1058.3822365711728,0.34652432804339045,4294.533503146637
2012-02-14,28.10904981108598,777.2588242905855,0.8365605346728091,5494.0317120625905
2012-02-15,17.148876400547717,603.9932466337882,0.7085995114119548,4764.419739641709
2012-02-16,21.364314120875658,816.4692727284144,0.8473719840105713,5598.407034519811
2012-02-17,23.762406822242475,988.8889608854764,0.8262228946770882,5894.038708071455
2012-02-18,24.62783285449977,871.209332644822,0.862101450370486,5149.287015511047
2012-02-19,28.103360487753392,792.2737060378432,0.6626056464832373,4946.2215960303965
2012-02-20,25.888505004666268,578.1047608984499,0.3982271627354605,2525.7931269602905
2012-02-21,18.323278206449494,975.0683282113915,0.769810231365782,4896.210360309919
2012-02-22,26.900989255029817,548.5838877906994,0.7343316495363794,4206.1876718567255
2012-02-23,28.052928726419115,1228.0167891068809,0.819577231039361,5923.44870378191
2012-02-24,27.7989522396552,1024.731925880351,0.4189167042355147,5096.380686429516
2012-02-25,30.403903627773108,562.7345501605208,0.4364826399302024,3993.747012354911
2012-02-26,29.16961077274452,907.237276885041,0.9232866620535298,7349.572153747088
2012-02-27,27.295900396142184,774.353078322825,0.8249844589164494,4926.975961257224
2012-02-28,24.649171442706766,1095.752353125754,0.9357599420902261,6638.389863793424
2012-02-29,16.69519533242004,1402.1351338069435,0.8311007248147444,5647.779845706563
2012-03-01,27.148091095662927,437.4482591062766,0.7180087141932112,3974.4972053632237
2012-03-02,26.038438435815557,1034.507823744225,0.7578929159195116,5201.338657168498
2012-03-03,26.357894185976868,951.9601613300078,0.922389546758007,6953.554768969674
2012-03-04,18.616257120898453,1201.4020229351397,0.7051647281583584,5161.3257036561145
2012-03-05,19.594717297958688,1063.9589884713068,0.7426739270298711,5855.2131438369115
2012-03-06,30.26576426666452,774.4092004783543,0.4095337012025204,3911.835565096795
2012-03-07,24.802224230716725,904.2838193000146,0.6317448540812718,5859.22249659462
2012-03-08,28.40750348686312,761.1922429589533,0.8014779783706691,4710.427440544547
2012-03-09,25.141591880652307,1322.8021415795795,0.4896598888214558,5480.599941192452
2012-03-10,25.148780697478728,1006.3934946015827,0.4415779263671744,4551.336091113337
2012-03-11,29.691419029879988,1570.357205725902,0.5196787657570908,5236.98977271774
2012-03-12,22.41977635891313,981.8017558556138,0.4690504395949834,4433.411195868381
2012-03-13,25.480603884704916,787.4779699268612,0.45043884592547706,3769.2528452294678
2012-03-14,22.688623556474788,545.8856822161518,0.5973955900076608,3599.442362317644
2012-03-15,22.82751886283842,459.0580971232165,0.9354869597184738,4824.959192494724
2012-03-16,23.454139382656802,524.759217098353,0.6549417527171028,3637.3794411904664
2012-03-17,26.110668858168566,1080.137995303445,0.4315442665707261,5148.436814261912
2012-03-18,22.606256891682612,1152.6175069689803,0.35388016856661186,3705.290110833891
2012-03-19,31.278780627867604,525.6427893903599,0.7873093015965476,5442.836118922567
2012-03-20,20.52696348890248,1268.5114942228347,0.5679591351054715,4507.717147584373
2012-03-21,24.065641779193204,855.0816844949682,0.8752816626097515,5399.927297887534
2012-03-22,22.801344708629124,1044.0379035956648,0.7616575380485391,6077.423137490452
2012-03-23,32.23488942176866,1483.6661884766272,0.8573690153789579,6691.133819160711
2012-03-24,25.982773882557872,1269.0517947596595,0.4903622275929141,4581.446537659147
2012-03-25,30.159222697343175,919.4408056282502,0.7846512457227406,5787.112680273477
2012-03-26,17.57219813481514,732.6423323754138,0.4848433892856031,3323.797818839626
2012-03-27,26.335251329346296,354.4553796012085,0.9573479356152041,5222.866361237674
2012-03-28,29.448153978117183,784.254004227274,0.745461997073362,5466.135583275179
2012-03-29,25.41141994637712,936.6609283516916,0.5271582601227395,4626.112032544841
2012-03-30,30.327401875326757,703.8461418546449,0.48865830360459084,4234.672668228247
2012-03-31,22.41355774949814,960.6229098723086,0.43364860955015044,3217.2648506363635
2012-04-01,32.0467372009279,1023.0555648876305,0.7862486712256094,5937.613796985304
2012-04-02,36.49449061809625,932.5432054575764,0.4531009290985491,5052.697018251179
2012-04-03,23.185807197801704,804.999225752962,0.7167122861492423,5300.173835929156
2012-04-04,22.77248739299614,1050.5964015900183,0.4852445188477501,3479.6100413280624
2012-04-05,32.2669223855885,1132.5821948708226,0.763378261355708,6371.141765975711
2012-04-06,32.89786072865356,672.8802767671461,0.8704578099783773,4853.830015171451
2012-04-07,22.385699864233658,1423.279713923881,0.8446176702012571,6712.400223095916
2012-04-08,22.899065914520712,970.4235603147215,0.8325959316515472,6697.6635829862025
2012-04-09,23.591076955697464,1005.6548868834543,0.43140568398457646,3373.945682840171
2012-04-10,18.277747444828613,1212.4643269769672,0.3618694628891631,3231.00181789539
2012-04-11,20.40674026757901,1069.9648393790505,0.7892641799411699,5988.602482629331
2012-04-12,19.97929616623966,1285.9409901739737,0.5578430496560459,4088.6612793353365
2012-04-13,21.161012174479357,1086.1372495605472,0.602642358482343,4427.1593853142585
2012-04-14,24.826575563066093,816.2687876078686,0.32180436495537373,3281.1087469367862
2012-04-15,26.171073662682602,1108.4510575618306,0.4817035144925344,4116.8304468757615
2012-04-16,32.75250246407038,656.8821378038015,0.3235734827121248,2951.271818766261
2012-04-17,20.008229796306047,1032.5679117329569,0.9154300408208733,6514.7903725431
2012-04-18,29.921611992382918,990.0310028066617,0.4703776782529713,4538.804038265606
2012-04-19,23.930055778872454,937.5649428182381,0.6901360187011056,5155.721966233328
2012-04-20,24.752681451737836,961.4387465683208,0.3272855244627913,3127.3780484024705
2012-04-21,28.37409746083302,435.4452863507082,0.7667931739139606,4808.591872947348
2012-04-22,19.386389892188507,835.3825276777116,0.5261191420278657,3708.8139200542987
2012-04-23,26.912048730920255,1027.8534703423345,0.928543430870366,6772.929336545404
2012-04-24,25.83226104106528,1047.95691759922,0.921682732253825,6247.474535961841
2012-04-25,27.462256320040744,691.6974577222126,0.5277034328532234,3803.740408522809
2012-04-26,26.44584321953909,1379.7123522594102,0.9306726269833274,6740.101104136405
2012-04-27,37.276500699554475,740.1475455356497,0.9973103714491451,6813.168178291631
2012-04-28,21.81130007874342,1290.837160158021,0.8777909648867637,6155.693716872609
2012-04-29,22.345015224990913,1128.1583085615055,0.8914099434286602,5773.59387043486
2012-04-30,21.88429736787618,806.1318070468591,0.4743061152763629,3707.339632797035
2012-05-01,22.222614404198726,1532.5932677828537,0.7036916792004294,6301.145539706621
2012-05-02,21.81306436346741,641.9089504730559,0.3470791397771575,3001.3036854795564
2012-05-03,30.94508265553776,1275.7462520830004,0.36644255577516877,4215.396631031183
2012-05-04,32.102521239949276,1300.1746954128935,0.9992248284233034,7905.626018358145
2012-05-05,22.14626853125262,798.8139372770065,0.5286474745981377,4123.577460244164
2012-05-06,20.838222134478855,1417.7395900192987,0.8237287384341925,6718.420882849299
2012-05-07,27.35707778193202,924.9860456203141,0.8646655371187715,5628.326824530016
2012-05-08,22.238884778595143,1086.608088783957,0.9006162897050605,6362.923606158568
2012-05-09,28.164659088777555,1078.0965516313663,0.9983398081815096,7238.195246636489
2012-05-10,26.0146151042565,959.7073775588357,0.4690475396798075,4068.9724421835044
2012-05-11,17.42127942501384,1243.2424819479347,0.3282455788017898,2455.537999969968
2012-05-12,32.737526006650306,1238.0466161656639,0.5878340625962102,5632.384657631635
2012-05-13,33.97938836547761,475.4404080285458,0.39105646888026285,4211.398098430907
2012-05-14,21.93605654757807,1391.3020728634458,0.3156981224134386,3777.877950794497
2012-05-15,23.061492200320078,501.2524035892977,0.5522987789990402,3053.03476326214
2012-05-16,26.429326953624525,1309.7638613024972,0.8486167757526655,6870.752228905247
2012-05-17,26.672283949935125,1338.011541048275,0.6963264838575496,6147.45880411434
2012-05-18,28.29272136336415,672.7100709354405,0.5189445924472478,4451.146754983534
2012-05-19,35.05102269383175,876.7557136136246,0.7580394038449038,5167.325503188912
2012-05-20,24.11526386252975,668.2885994542193,0.46241272621616747,3720.09414940326
2012-05-21,21.00851377730773,935.5236909133794,0.3100670122504595,3267.0191625701746
2012-05-22,18.103403859927365,907.5897147442777,0.835047370505499,5324.513206542146
2012-05-23,21.345349800290403,1233.8981596808019,0.7366201594048063,5887.508265361001
2012-05-24,24.834365135631014,1393.0926238358825,0.833611837150672,7210.691431005855
2012-05-25,33.97278931758894,1418.7051432369867,0.32725661168136594,5108.490500774476
2012-05-26,22.411943504819142,831.3495920265093,0.8859837394814565,5141.705400664394
2012-05-27,26.118939758194493,937.2334378766417,0.7336683400254123,5758.834657167812
2012-05-28,24.91788551963624,494.96854233371494,0.6943767454988481,4175.370785627223
2012-05-29,30.94196636724042,758.2389800511434,0.7372298336801721,5286.162495872926
2012-05-30,37.63466212936811,1289.4554899292373,0.9051032728078547,7522.758945867001
2012-05-31,22.345656135398396,1484.6748470644695,0.710855554591235,6065.788779455904
2012-06-01,22.55280278740889,629.6953384360233,0.7066652659217255,5016.210894404652
2012-06-02,30.22080438534536,822.2607222541317,0.9934754099460361,6581.079733581107
2012-06-03,28.40945744813156,992.0782729123218,0.8297111169479976,5493.411938779625
2012-06-04,34.23353662868017,1084.0483476458821,0.6096056638157947,5231.036917819882
2012-06-05,27.919640926629818,757.1189440235062,0.7951779000230493,5475.456792898988
2012-06-06,23.203539546064704,1127.2183133392268,0.5724613301842518,5391.527647051474
2012-06-07,27.953274153461546,857.8481958787252,0.4602128237384493,4215.971560597191
2012-06-08,30.543517902914537,995.6643187365163,0.7177963138214316,5182.218462352395
2012-06-09,29.102410905986822,1163.8852744011099,0.9497274686797659,8274.123395839835
2012-06-10,27.53637015553649,1001.9266809432813,0.9503976640108238,6765.047845206496
2012-06-11,30.333373447945768,869.0842328420295,0.5393336946738432,5089.200980450069
2012-06-12,30.846477952228362,967.1170588222508,0.6693742263551865,5247.571930243237
2012-06-13,31.910794955187637,973.4911122383994,0.4481451289989028,4549.927239583419
2012-06-14,28.243549437948214,888.9966910353617,0.9969417766492183,7094.613989473429
2012-06-15,24.164409598415727,922.3611811998693,0.986782535507555,7095.952875735427
2012-06-16,25.733568432166614,1479.5941511514152,0.754656250795213,7047.832130576338
2012-06-17,31.032544832541785,1168.2758343823716,0.8630898417742312,7139.7266192994775
2012-06-18,20.91532164506382,911.3559045912518,0.80057011289859,5213.785090331589
2012-06-19,26.843366544364507,1209.0863213532207,0.7152107533276277,5550.521715584775
2012-06-20,23.033305938363196,899.854153073197,0.33734359789222834,3304.3953476877946
2012-06-21,25.143724114674086,1351.9373912759925,0.6183350397868628,6019.300223390537
2012-06-22,31.392259313036494,1110.892657659428,0.7723504115171873,6041.789988168314
2012-06-23,25.955495340099517,967.8093567987313,0.7742721297185793,6137.340112052528
2012-06-24,25.232182740780743,1134.3150777430833,0.5611858328956685,5562.476829746635
2012-06-25,18.200719295100406,528.7371543794502,0.9591843906606214,4805.271767280318
2012-06-26,28.731267830136105,661.9697593270585,0.4171499225657467,2927.7921710915157
2012-06-27,28.227420905705376,641.8224980802834,0.6502516123508923,4376.086573747629
2012-06-28,35.8162736165273,1042.882928429112,0.7836187835855759,6448.479789707067
2012-06-29,23.461108825234994,1519.7544998455276,0.7879950641242663,6390.256254690611
2012-06-30,26.095751638319694,1669.3900438577898,0.7540472697381708,7589.905357755991
2012-07-01,26.246918418553776,1191.4153304322272,0.49270174941630207,4870.7187596328795
2012-07-02,32.887266398817374,1150.253342483337,0.4093445980806354,4511.3165194310905
2012-07-03,24.523522338065238,459.68267975417837,0.7451582287786975,3653.3778583708418
2012-07-04,26.395107628851697,837.1978600797935,0.7195114812976064,4433.80059987645
2012-07-05,28.039482548582697,763.6648744275283,0.4255492072024687,3697.554537437438
2012-07-06,25.93304561578179,813.7457205246652,0.7935974018993943,4325.832918257974
2012-07-07,22.767831927247357,949.5568544245631,0.6186203942135595,5136.925981101327
2012-07-08,25.97044996449154,858.3728266908618,0.7674324141222071,5273.353300031175
2012-07-09,30.36815874929886,406.2100568872637,0.8861569558391054,6883.159315232364
2012-07-10,19.8674235029447,1224.3730768352602,0.4188099000038462,5190.124954145042
2012-07-11,25.66484837073438,678.1770922780581,0.3134014075977857,2615.879106458006
2012-07-12,21.499395925304135,1071.7740592333448,0.8453718104770507,5892.208465851493
2012-07-13,30.975233144624212,1622.224800924992,0.7267881976068311,7424.943004116365
2012-07-14,17.384065476081126,724.184622524073,0.7897476987354852,5617.897317488647
2012-07-15,22.205390763642058,240.9137431761011,0.8867084824920497,3706.6249082765453
2012-07-16,26.886059375322603,914.1987334359668,0.8619676543771504,5089.350974846473
2012-07-17,32.827620146171704,1330.2878904995714,0.9726441028501771,7354.159899781423
2012-07-18,24.67124869463506,1587.5042362661782,0.6751545551964827,6575.712474833455
2012-07-19,22.22400236653401,631.135121664275,0.6419469428619338,4331.641871218718
2012-07-20,34.40578534720295,1149.0097669709564,0.581321039923511,5959.799728411541
2012-07-21,17.75993049791878,860.406862965984,0.40758372999094317,2546.880136599969
2012-07-22,14.005970216899591,968.2154937087593,0.7008250630174157,3482.782881865138
2012-07-23,27.20007225026666,1793.3030041051104,0.4939087670281851,6345.160553515551
2012-07-24,22.489728878236946,549.108901481454,0.9449152585490828,5033.182403137552
2012-07-25,19.893835914346433,1076.1218984483721,0.7082335629939682,4178.859475389588
2012-07-26,28.541782236496765,1140.30795152963,0.7149881263556771,5855.177519642174
2012-07-27,26.219003568855996,1325.7358974818042,0.548447262613907,5601.246130585281
2012-07-28,22.179606846316357,1029.3949460412687,0.3363925463843952,3288.7044002596926
2012-07-29,18.59847800664553,1092.4151618512308,0.322220635761092,2996.933209748953
2012-07-30,29.362286641400722,882.5054297734627,0.5963346009072382,4635.117080080199
2012-07-31,28.251005889793305,1080.7380823735323,0.35919576466806646,3684.7139013766705
2012-08-01,24.504120681103085,897.0423173507769,0.7247928688780974,4469.231457177112
2012-08-02,34.23318498023833,1186.4715669568152,0.91668110394776,6810.66756416913
2012-08-03,19.649576168369236,889.1168991869098,0.9180403715631054,6111.554417114716
2012-08-04,17.372374145376305,1113.130118170656,0.7613317870925627,5562.377149761191
2012-08-05,21.540459650593778,991.2211558945065,0.4478622820310517,3882.8066074573703
2012-08-06,24.77206991822251,1337.8150752316506,0.9040977819512104,6437.148315203789
2012-08-07,26.21669724661346,984.5818829234541,0.9202654047192456,6290.574070705975
2012-08-08,23.79381971071835,468.0902595379356,0.43765750946707105,1725.6265287257165
2012-08-09,26.760276982571483,1378.5764502141974,0.8161982600394739,6765.396381697033
2012-08-10,18.74230287904778,728.2803097412143,0.500563684248986,4110.923038586531
2012-08-11,32.2188230203663,803.870098405354,0.8618482186470506,5290.856375043224
2012-08-12,24.589244108037157,821.3016117869524,0.9980665299325218,6069.434241979494
2012-08-13,30.586479157940637,1412.3314279512451,0.32101820373057494,4623.631221807461
2012-08-14,26.71362673188852,359.2977358063913,0.9281561060536523,5821.478655689211
2012-08-15,27.283766095768918,1941.324560097998,0.7358413735190605,7201.93198442967
2012-08-16,27.84883640116102,1316.8170427198156,0.9813678334153748,7086.789907941608
2012-08-17,27.238542800086574,1066.971674238748,0.6255066622684993,4138.94222861628
2012-08-18,28.21361379933772,983.531799815114,0.8931715513999616,6395.321111250975
2012-08-19,31.645762650662157,1085.6662224572972,0.34367584801879403,4993.037837613544
2012-08-20,25.98260584850735,1156.3367285138015,0.5346953350548069,4923.959655709343
2012-08-21,28.54501878794256,1193.564675785017,0.34691157642584697,4037.7986835045394
2012-08-22,24.551321528563868,1166.6813398010345,0.9827401934353492,7135.670878590502
2012-08-23,32.200586077247365,1026.8742043765747,0.8718817350902857,6517.640386092645
2012-08-24,21.61803848970365,940.7984739078022,0.8967831948721794,5539.907660531619
2012-08-25,34.004702164554075,954.6180149039465,0.9565756620037258,7303.989405893078
2012-08-26,24.799210246778284,941.5275158941957,0.3595724402838497,3533.7585071024314
2012-08-27,17.84612448940976,1340.1310290601193,0.5699183147593333,4930.966482354221
2012-08-28,25.640522074553946,1178.0670166842585,0.3497244223308015,3399.0992351110967
2012-08-29,21.594741712625595,117.88340960071594,0.44755517108502,2705.0337262251915
2012-08-30,29.203217744943622,1196.7702329589283,0.4605560439263706,4988.832945463446
2012-08-31,21.736880103488044,1058.4208584156324,0.628375047733305,4569.10054198854
2012-09-01,22.769082833926102,994.3873730662308,0.4879935172175498,4568.108900757484
2012-09-02,15.552296345272346,883.4444640733343,0.3706846747724327,2649.1417000798456
2012-09-03,22.738468403754617,1337.233815995804,0.41724376236587535,4006.6081177531964
2012-09-04,12.880603366855217,1284.2579386368575,0.4030928944864636,3348.15895930865
2012-09-05,17.080485882571384,768.1366996529173,0.9811537585386088,4910.532209583403
2012-09-06,28.802073280721487,1122.1156861373606,0.8315047548429315,6577.630000734556
2012-09-07,28.92900079325416,708.5029796376142,0.9774330256886934,5335.048688212229
2012-09-08,27.127287808924823,586.1145505633208,0.607818340555536,3453.4632787176815
2012-09-09,20.165119284353935,811.9848326230104,0.4948579371638596,2568.7213107437487
2012-09-10,24.7614432192901,1258.7180417148277,0.8588052380464306,6506.499588230867
2012-09-11,24.981987304547157,1285.937513612826,0.5283777426288028,4887.702875461087
2012-09-12,19.208176554037287,1153.925626029188,0.5095683615937437,4152.753781135778
2012-09-13,32.51699150883575,1217.5287360543991,0.46275419454548183,4353.389172942706
2012-09-14,29.386811452878355,1154.8534861344874,0.3907752847569647,3646.8070919793963
2012-09-15,23.89517913085168,807.5555214331143,0.47952414271173616,3939.6756447407806
2012-09-16,25.134429194972654,1129.5767634021822,0.5487238239317214,4484.21814035736
2012-09-17,26.04191403973776,1240.1228575683047,0.7717959457020113,6299.500306401626
2012-09-18,14.791325657878547,1226.2873989440723,0.3437953895536161,2968.493685488041
2012-09-19,23.764113087397014,1356.6740114423928,0.44735485776574,4728.859337468878
2012-09-20,21.590078760011007,1212.4911541603192,0.8663165482041735,6987.708006000088
2012-09-21,19.991899950525422,1105.4344622624749,0.4028453465086395,4017.77355479081
2012-09-22,23.594498535570224,1321.0450714949282,0.539851602565765,4814.866173488951
2012-09-23,33.988432634247616,992.043622225282,0.9052612453006981,6838.414587844399
2012-09-24,28.20421430633505,735.4376046316847,0.40844771780040984,3302.9919263170646
2012-09-25,22.144105051086015,951.0799108168708,0.3579157849327329,3302.88409119907
2012-09-26,27.862913906780793,776.5292065580653,0.6391765965560076,4479.281565160955
